date,total_fte,doctors_fte,nurses_fte,midwives_fte,scientific_fte,support_fte
2009-09-30,1002298.102,95410.07996,278470.3305,18959.35309,118916.7914,283969.7037
2009-10-31,1007705.398,95602.04401,280699.6285,19282.45955,119917.6821,284662.8892
2009-11-30,1011465.326,95742.10835,281366.8053,19454.45837,120395.7882,285582.0563
2009-12-31,1010144.118,95628.38132,280227.5321,19340.62887,120629.0883,285372.6913
2010-01-31,1013070.119,95398.28901,281064.0286,19444.27845,120382.3033,286999.2132
2010-02-28,1014078.571,95645.50485,281444.1322,19446.69885,120285.5321,287859.1088
2010-03-31,1015642.026,95496.03907,281982.9172,19415.60631,120388.6627,288239.1137
2010-04-30,1012765.944,94337.3533,281608.518,19442.17475,120238.4898,287953.7
2010-05-31,1011082.802,94742.21019,280950.2051,19478.24476,119855.1765,287675.2474
2010-06-30,1010568.905,94538.49958,280619.9867,19450.67167,119916.8804,287821.668
2010-07-31,1008952.86,95005.06283,279940.6209,19368.96116,119754.7346,287868.2872
2010-08-31,1010992.973,97437.68941,279075.79,19406.90845,120808.6613,287812.8889
2010-09-30,1012217.293,97130.13727,279882.6298,19486.945,121879.5777,288144.4787
2010-10-31,1013474.069,97103.457,281476.7477,19612.68204,122591.3106,287580.6801
2010-11-30,1013965.336,97329.97548,281587.6947,19748.4381,123097.8377,287396.6819
2010-12-31,1010195.559,96998.28082,280399.1459,19654.07931,123241.6492,286191.0105
2011-01-31,1010967.252,97109.03042,281106.7389,19770.01347,123375.9376,286948.1454
2011-02-28,1010285.537,97147.10567,280973.8941,19820.8857,123572.5766,286824.23
2011-03-31,1008281.076,97047.88815,280516.1256,19950.13868,123407.8869,286181.2193
2011-04-30,1000174.361,96606.23523,279266.0744,19900.64182,122607.7447,283393.5247
2011-05-31,997948.8147,96344.98013,278635.4508,19965.10367,122380.6411,283055.8511
2011-06-30,995779.8309,96162.463,277910.5277,19960.80226,122183.8936,282784.4435
2011-07-31,992955.2048,96960.71164,277023.8175,19926.2476,121935.8768,281145.5272
2011-08-31,992937.2153,99065.26352,275839.5557,19884.9763,122265.806,280411.3398
2011-09-30,993466.0107,98388.85175,277047.2281,19877.5203,122819.9267,280107.8149
2011-10-31,994853.8988,98829.95488,278094.2198,20178.0636,123146.8364,279620.1153
2011-11-30,993594.1262,98588.42052,277728.8083,20344.40353,123034.4334,279272.2545
2011-12-31,990592.7961,98416.13076,276787.3436,20357.4709,123052.2223,277758.8543
2012-01-31,992652.9667,98531.72746,277506.2052,20413.5876,123267.0503,278686.3208
2012-02-29,985193.9397,98649.82255,274841.5041,20363.06792,122139.9398,276366.7922
2012-03-31,984180.9885,98317.05279,275114.2107,20342.13246,122009.2661,275835.5303
2012-04-30,982690.8843,98216.02043,275120.1206,20310.92694,122063.6284,275668.3096
2012-05-31,975616.2614,97742.60047,272471.3737,20338.63928,120641.4343,274300.243
2012-06-30,973595.5856,97497.51868,271782.4554,20370.52093,120313.2557,273884.4137
2012-07-31,977633.4294,101687.7303,271211.5231,20358.29257,120622.1914,274096.0425
2012-08-31,974339.8781,100278.0771,269912.6973,20261.14885,120914.4047,273449.9297
2012-09-30,975876.3479,99529.25238,271406.8359,20213.62657,121501.3849,273622.3757
2012-10-31,979224.9441,99931.53555,273560.8438,20559.55912,122122.1319,274038.9818
2012-11-30,980895.1617,99855.13919,274126.9956,20789.62932,122119.3802,274682.0524
2012-12-31,979203.9237,99759.34276,273360.1312,20713.97907,122004.0904,274508.9839
2013-01-31,982939.7842,99746.2401,274163.3968,20754.59731,122465.8888,276153.7968
2013-02-28,984370.3596,99877.42117,274544.5521,20725.65835,122684.3091,276550.4579
2013-03-31,983720.7993,99555.67619,274803.2537,20740.97268,122630.0796,276722.7091
2013-04-30,965458.3176,99047.69908,274599.4492,20669.41193,122356.759,276327.6138
2013-05-31,963514.5348,98512.34371,273936.5778,20677.57246,122045.7755,276207.7837
2013-06-30,963470.8744,98113.19657,273782.7851,20726.06964,122010.3437,276759.428
2013-07-31,966113.0666,99784.45422,273372.92,20671.84176,122549.9407,277391.8135
2013-08-31,966534.6976,101817.6569,272188.4459,20537.08355,122673.1566,277295.5744
2013-09-30,973261.1473,101136.5802,274626.7241,20536.59097,123911.7153,279579.4073
2013-10-31,976279.3121,101629.6964,277013.9909,20914.37909,124577.0083,278666.8631
2013-11-30,979770.4589,101497.867,278489.9304,21220.09998,124975.7304,279682.4044
2013-12-31,979728.2218,101417.0386,277909.8209,21121.16225,125011.6302,279943.3011
2014-01-31,985388.2677,101541.1054,279400.5411,21136.45134,125545.0128,282652.7701
2014-02-28,987194.805,101574.7717,280019.6791,21094.98704,125430.6275,283944.2609
2014-03-31,989318.9378,101386.0877,280835.5335,21078.71865,125295.7101,285282.0315
2014-04-30,987910.9058,100821.2332,280300.3411,21102.87882,124624.7961,285987.4844
2014-05-31,985877.9589,100514.5245,279793.6984,21090.2636,123942.791,285901.5503
2014-06-30,986024.2844,100270.0871,279171.9646,21059.65049,123523.6508,286776.7161
2014-07-31,986120.6246,102067.0428,277924.3092,20984.27478,123690.0363,287288.7064
2014-08-31,986594.7311,103532.0973,276762.7426,20924.51311,124339.5364,286958.6538
2014-09-30,994357.5544,103329.5885,278980.7074,20838.21441,125713.003,289886.7563
2014-10-31,997530.9659,103579.4151,281437.1524,21267.59956,126286.465,289031.9118
2014-11-30,999821.6993,103425.9693,282140.7202,21531.73691,126626.01,289996.165
2014-12-31,999079.3293,103456.7879,281488.6556,21441.92162,126370.7336,290149.0824
2015-01-31,1002575.475,103383.8097,282074.1934,21410.59244,126518.06,292540.819
2015-02-28,1004163.143,103305.4566,282463.7626,21365.55734,126378.0844,293546.4
2015-03-31,1006390.308,103213.0464,282994.8742,21365.48388,126416.406,294598.4384
2015-04-30,1004749.358,103153.2784,282160.3505,21227.78951,126059.7072,294436.9267
2015-05-31,1002548.587,102812.4471,281325.5108,21212.85039,125292.5025,294632.8923
2015-06-30,1004220.104,102563.6148,280961.7939,21193.05522,125395.0867,296263.993
2015-07-31,1005766.736,104505.2357,279861.9011,21067.33376,125565.2859,296713.2948
2015-08-31,1006025.62,105344.9021,278758.1737,20933.83969,126352.2518,296609.0168
2015-09-30,1014217.684,104497.832,281474.4704,20933.92213,127921.2372,299438.8205
2015-10-31,1018786.876,104719.1643,284870.1538,21450.41974,128350.1589,299365.6733
2015-11-30,1023129.338,104721.877,285664.5034,21720.07891,128869.9961,301111.0836
2015-12-31,1019676.594,104444.8135,284238.7313,21539.88731,128533.357,300088.7732
2016-01-31,1024374.66,104334.6256,285094.3,21581.00104,128785.886,302835.9907
2016-02-29,1027097.003,104286.4053,285636.9171,21566.48184,129271.2662,304854.3498
2016-03-31,1027100.397,104048.3192,285387.4267,21464.04175,129084.6503,305279.7259
2016-04-30,1025966.978,103869.4158,285080.1405,21376.03306,128741.9969,305187.9877
2016-05-31,1027270.878,103536.6217,284652.3645,21359.3642,128415.2198,305824.6852
2016-06-30,1026601.071,103285.6999,283674.1673,21356.16055,128170.445,306557.4507
2016-07-31,1027898.237,104751.8217,282708.139,21226.16779,128381.7325,307077.0382
2016-08-31,1031090.715,106679.7519,281812.1984,21080.09192,129772.619,307434.8734
2016-09-30,1037054.489,106130.9896,284288.1449,21037.5809,131268.4313,309143.3649
2016-10-31,1042626.661,106549.814,287196.9863,21621.37771,132104.8127,309111.2934
2016-11-30,1044474.9,106366.4441,287439.9962,21812.37693,132305.1515,310208.4909
2016-12-31,1039065.028,106021.2702,285173.3841,21604.30901,131790.9033,308494.8994
2017-01-31,1045558.774,106101.2476,286019.8036,21659.7307,132533.6428,311758.6975
2017-02-28,1046425.044,106595.5706,285762.8153,21642.06618,132544.2374,311889.0753
2017-03-31,1047678.87,106430.1439,285893.4269,21597.11595,132672.7267,313115.0573
2017-04-30,1046262.789,106540.4491,284619.0888,21539.96547,132375.8066,312789.1243
2017-05-31,1045953.388,106395.1356,283624.4805,21533.98587,132160.5397,313289.5358
2017-06-30,1045146.238,106026.8497,282603.4768,21411.47996,132149.1921,313881.9244
2017-07-31,1046827.91,107481.5129,281363.3534,21280.79518,132892.0625,314514.2141
2017-08-31,1046979.142,109685.7977,280307.4422,21106.45223,133701.3929,313616.2966
2017-09-30,1052963.089,109002.2757,283853.1043,21205.79506,134990.0729,314591.5463
2017-10-31,1059984.951,109678.7557,287147.2369,21890.25749,136029.7854,314960.029
2017-11-30,1061901.806,109654.1896,286921.2834,22030.9577,136360.2772,315669.2206
2017-12-31,1057900.397,109477.1513,285271.9656,21820.83544,135847.4641,314474.9662
2018-01-31,1064810.37,109509.2845,286214.5563,21947.44764,136764.8912,318255.703
2018-02-28,1064589.207,109648.2029,285719.6257,21832.48472,136656.5378,318144.748
2018-03-31,1064283.165,109346.3246,285745.486,21789.5814,136549.1339,318132.7129
2018-04-30,1064180.651,109506.9825,284735.8406,21726.75205,136485.6665,318474.7538
2018-05-31,1062216.395,109108.8047,284073.034,21600.76923,136153.5063,317886.7598
2018-06-30,1061617.059,108813.0589,283327.3084,21517.10508,136066.0502,318207.5276
2018-07-31,1065395.234,110621.756,282661.1391,21481.83668,136872.1788,319208.8023
2018-08-31,1067951.27,112941.9516,281788.6866,21280.36194,137603.1731,318697.274
2018-09-30,1074209.335,111246.7103,285673.7285,21322.66715,139241.0228,319739.7679
2018-10-31,1083188.424,112346.4815,289711.6374,21975.2959,140550.562,319856.9724
2018-11-30,1085870.053,112353.9543,289684.7511,22050.65709,140836.3213,321234.3999
2018-12-31,1082977.612,112071.7922,288136.2455,21916.84301,140490.7829,320696.8786
2019-01-31,1089811.482,111835.3345,289240.5073,21966.72924,141296.9563,324480.5187
2019-02-28,1092201.073,112143.2136,289759.1933,21872.58671,141254.544,325873.23
2019-03-31,1093637.932,112031.1169,290010.0983,21869.94248,141249.7537,327018.4742
2019-04-30,1095742.906,112303.9475,289627.1658,21778.27422,141573.4658,334210.0233
2019-05-31,1094113.502,111949.61,288850.8818,21670.22705,141201.4259,334698.3839
2019-06-30,1095188.735,111859.582,288645.8246,21631.72378,140974.6923,336504.3081
2019-07-31,1099143.517,112797.3733,288404.9647,21514.73518,141725.207,337928.7615
2019-08-31,1100272.633,115468.9024,287457.9321,21414.72644,142342.2325,336665.8043
2019-09-30,1110816.006,116079.37,291533.3375,21496.87299,143805.4395,339702.5752
2019-10-31,1117932.04,116860.4471,295208.8579,22079.21444,144619.1018,340361.811
2019-11-30,1122375.451,117159.8786,296409.9332,22212.52473,145176.981,342044.0537
2019-12-31,1121676.98,117114.8868,296093.045,22061.27431,145014.0091,341992.2243
2020-01-31,1128524.57,117229.9015,297407.1025,22136.99097,145660.9497,345533.6259
2020-02-29,1132392.068,117542.4687,298632.3714,22129.42543,145766.7666,347096.8014
2020-03-31,1139421.885,118449.202,300497.345,22127.683,146376.712,350035.5056
2020-04-30,1150055.033,119943.775,301527.5594,22041.66787,146126.7057,358321.1748
2020-05-31,1157740.391,121085.6461,301643.3363,22026.09782,146159.2314,364766.1465
2020-06-30,1165810.486,120989.9148,301611.8887,22010.09506,147051.2581,371388.9952
2020-07-31,1166565.604,120456.799,301030.7629,21944.57911,147801.4411,372335.7953
2020-08-31,1159365.097,121136.2338,301325.5468,21918.82924,148726.5027,362942.1669
2020-09-30,1161193.171,122156.9369,304489.9608,22168.70307,150136.5767,357607.061
2020-10-31,1163946.962,122931.6633,305850.2055,22579.33653,150917.8309,357837.1178
2020-11-30,1171334.531,123467.3959,307227.4815,22722.03807,151873.888,361037.0396
2020-12-31,1170770.817,123641.5539,306429.5769,22529.86095,151809.0957,360754.6537
2021-01-31,1179007.829,123812.7003,308106.7642,22524.63991,152567.4848,365040.9237
2021-02-28,1189345.149,123826.9957,309630.9381,22499.04265,153024.3929,371748.9876
2021-03-31,1197747.259,124077.8506,311137.0428,22523.1957,153653.3334,376153.8269
2021-04-30,1195431.49,123980.4215,310314.7567,22374.37675,153115.0959,375172.0958
2021-05-31,1193666.141,123717.2244,310035.8262,22235.81885,153083.3585,373743.3963
2021-06-30,1195225.274,123727.4354,310251.0785,22089.53412,152722.2854,374494.0011
2021-07-31,1195405.021,124376.8324,310628.7282,21941.93498,152558.8459,373800.1138
2021-08-31,1198745.75,126624.5837,310934.9001,21756.41618,153507.5066,373002.4411
2021-09-30,1205361.618,127319.1794,313836.0886,21842.3316,155158.0076,373513.7994
2021-10-31,1208686.621,127740.2979,316362.0668,22300.91504,155850.3357,372616.9372
2021-11-30,1215583.825,128084.3355,318001.7534,22390.80138,156871.6022,374748.0036
2021-12-31,1212477.701,127958.9745,317749.8769,22192.39889,156616.5628,372688.255
2022-01-31,1220468.719,128016.4508,319806.4934,22172.31845,157245.1288,376482.8808
2022-02-28,1223835.895,128116.9059,321017.5638,22084.07476,157599.9552,377971.2372
2022-03-31,1226677.405,128391.7798,321623.7669,22027.06667,157706.4946,379132.6092
2022-04-30,1221379.837,128013.7289,319496.1219,21741.3962,156712.3689,377568.2417
2022-05-31,1224183.512,128027.0421,319846.7297,21684.88204,156581.3854,379257.002
2022-06-30,1224738.803,127808.2016,319481.4194,21541.47898,156366.8546,379880.8794
2022-07-31,1225469.585,127890.1151,319327.607,21392.47886,156128.1203,380028.1729
2022-08-31,1230089.11,130398.1535,319615.5445,21230.58115,157098.4051,380289.3261
2022-09-30,1239868.102,131304.8985,322701.1417,21404.28518,158914.581,382878.0998
2022-10-31,1250708.305,132427.3408,326473.5206,22113.36956,160329.1393,385084.2178
2022-11-30,1257394.682,132901.8315,328363.7457,22229.69326,161022.9862,387290.8976
2022-12-31,1256840.947,132869.2851,328295.4977,22108.26062,160904.1224,387211.7592
2023-01-31,1269228.002,133144.8266,331172.9227,22322.68768,161896.2492,393692.6095
2023-02-28,1275354.272,133486.3887,332900.218,22341.76896,162538.8252,395919.4889
2023-03-31,1280349.864,133807.1361,334132.0478,22307.61837,163015.3061,398200.1793
2023-04-30,1280376.976,133814.5408,333994.3732,22172.49762,162678.8692,398450.7176
2023-05-31,1285542.806,134008.1925,334689.9986,22126.62047,162900.2444,400642.0741
2023-06-30,1288332.144,133882.8483,335479.4155,22148.72353,162939.6453,401680.8477
2023-07-31,1292819.545,134026.5865,336163.9972,22122.23722,163707.0885,403206.7644
2023-08-31,1297454.953,137212.2776,336879.8797,22013.47131,164525.0983,402775.435
2023-09-30,1308824.932,138603.5607,341014.9116,22211.5405,166849.9396,405089.4436
2023-10-31,1321496.348,139258.1797,346347.7005,23153.99091,168838.0732,406774.1363
2023-11-30,1328602.06,139557.5244,349015.0549,23395.84388,169547.2383,409085.0091
2023-12-31,1328644.109,139655.7585,349769.8001,23360.79043,169639.5663,408395.3333
2024-01-31,1338753.408,140196.935,352124.9683,23555.96163,170838.2866,412922.6926
2024-02-29,1343207.828,140653.101,353968.7162,23630.88012,171020.5124,414050.0152
2024-03-31,1345047.001,140773.7067,355282.5884,23689.30752,171318.6742,413732.5238
2024-04-30,1345014.947,141006.1562,355839.4087,23628.81335,171178.1893,413281.4158
2024-05-31,1344865.548,140968.3191,356581.1013,23557.21787,171048.8515,412944.8936
2024-06-30,1344180.094,140745.3409,356872.0713,23562.25397,170947.4851,412917.8807
2024-07-31,1346029.811,141018.0422,357138.3545,23543.996,171681.5784,412717.0503
2024-08-31,1348583.877,145060.0959,357183.4867,23457.43784,172165.2416,411007.6278
2024-09-30,1359357.921,146386.8615,361121.3714,23721.69916,174922.8928,412110.2837
2024-10-31,1364784.351,147119.6368,364458.9929,24402.65082,175861.0188,411582.7678
2024-11-30,1368655.27,147346.6983,366307.829,24706.5489,176478.6932,412035.6159
2024-12-31,1368034.117,147217.5471,366387.7144,24656.62975,176739.1593,411235.8984
2025-01-31,1374039.425,147340.124,367925.5521,24907.58421,177707.9989,413487.9941
2025-02-28,1376848.719,147573.7617,369065.6038,24991.18048,178098.4353,414344.1652
2025-03-31,1378469.907,147931.3716,369449.4465,24989.52914,178445.8448,414538.9694
2025-04-30,1375678.717,148011.3185,368596.2362,24959.23533,178240.3847,413118.9822
2025-05-31,1373862.75,147864.3121,368438.9602,24938.77353,178103.772,412441.3579
2025-06-30,1374557.013,147836.2574,368496.8535,24888.13039,178517.7387,413066.414
2025-07-31,1372429.132,147828.9215,367910.8852,24778.69811,178534.5031,412087.0084
2025-08-31,1374032.097,151979.0594,367512.5707,24706.02749,178909.183,410298.9721
2025-09-30,1377896.591,153081.7405,369758.9432,24777.81723,180822.8445,408776.756
2025-10-31,1379191.419,153568.7467,371494.4207,25280.83309,181651.847,407073.9119
2025-11-30,1379812.345,153618.5249,372896.5417,25530.16419,182232.04,405724.9167
2025-12-31,1377447.739,153465.9705,372514.7869,25459.03532,182202.8895,404489.7438
2026-01-31,1379163.386,153437.6166,373444.028,25562.72713,182881.9592,404734.5061
2026-02-28,1379060.384,153249.4507,373702.3151,25627.77438,183012.8024,404653.7087
